Country Name,Capital,Continent,Area (km²),Area_2020,Population Density (per km²),Population Growth Rate,World Population Percentage,Population Rank,1990,1991,1992,1993,1994,1995,1996,1997,1998,1999,2000,2001,2002,2003,2004,2005,2006,2007,2008,2009,2010,2011,2012,2013,2014,2015,2016,2017,2018,2019,2020,,,,,,,,,,,,
Aruba,Oranjestad,North America,180,5,591.3611,0.9991,0,198,2.33,2.33,2.33,2.33,2.33,2.33,2.33,2.33,2.33,2.33,2.33,2.33,2.33,2.33,2.33,2.33,2.33,2.33,2.33,2.33,2.33,2.33,2.33,2.33,2.33,2.33,2.33,2.33,2.33,2.33,2.33,,,,,,,,,,,,
Afghanistan,Kabul,Asia,652230,12073,63.0587,1.0257,0.52,36,1.85,1.85,1.85,1.85,1.85,1.85,1.85,1.85,1.85,1.85,1.85,1.85,1.85,1.85,1.85,1.85,1.85,1.85,1.85,1.85,1.85,1.85,1.85,1.85,1.85,1.85,1.85,1.85,1.85,1.85,1.85,,,,,,,,,,,,
Angola,Luanda,Africa,1246700,666074,28.5466,1.0315,0.45,42,63.58,63.45,63.33,63.20,63.08,62.95,62.83,62.71,62.58,62.46,62.33,61.89,61.44,61.00,60.55,60.11,59.66,59.21,58.77,58.32,57.88,57.43,56.99,56.54,56.10,55.65,55.21,54.76,54.32,53.87,53.43,,,,,,,,,,,,
Albania,Tirana,Europe,28748,8278,98.8702,0.9957,0.04,138,28.79,28.72,28.65,28.57,28.50,28.43,28.36,28.29,28.22,28.15,28.08,28.12,28.17,28.22,28.26,28.31,28.36,28.40,28.45,28.50,28.54,28.59,28.65,28.70,28.75,28.80,28.80,28.79,28.79,28.79,28.79,,,,,,,,,,,,
Andorra,Andorra la Vella,Europe,468,160,170.5641,1.01,0,203,34.04,34.04,34.04,34.04,34.04,34.04,34.04,34.04,34.04,34.04,34.04,34.04,34.04,34.04,34.04,34.04,34.04,34.04,34.04,34.04,34.04,34.04,34.04,34.04,34.04,34.04,34.04,34.04,34.04,34.04,34.04,,,,,,,,,,,,
United Arab Emirates,Abu Dhabi,Asia,83600,3736,112.9322,1.0081,0.12,97,3.45,3.54,3.63,3.72,3.81,3.90,3.99,4.08,4.18,4.27,4.36,4.37,4.38,4.39,4.40,4.41,4.42,4.43,4.45,4.46,4.47,4.47,4.47,4.47,4.47,4.47,4.47,4.47,4.47,4.47,4.47,,,,,,,,,,,,
Argentina,Buenos Aires,South America,2780400,290294,16.3683,1.0052,0.57,33,12.86,12.80,12.73,12.66,12.60,12.53,12.46,12.40,12.33,12.26,12.20,12.08,11.97,11.85,11.73,11.62,11.50,11.39,11.27,11.16,11.04,10.96,10.88,10.80,10.71,10.63,10.60,10.56,10.52,10.48,10.44,,,,,,,,,,,,
Armenia,Yerevan,Asia,29743,3432,93.4831,0.9962,0.03,140,11.77,11.75,11.74,11.74,11.73,11.72,11.71,11.71,11.70,11.69,11.68,11.68,11.67,11.66,11.65,11.65,11.64,11.63,11.63,11.62,11.61,11.60,11.60,11.59,11.58,11.57,11.57,11.56,11.55,11.54,11.54,,,,,,,,,,,,
American Samoa,Pago Pago,Oceania,199,171,222.4774,0.9831,0,213,90.35,90.18,90.01,89.84,89.67,89.50,89.33,89.16,88.99,88.82,88.65,88.50,88.35,88.20,88.05,87.90,87.75,87.60,87.45,87.30,87.15,87.00,86.85,86.70,86.55,86.40,86.25,86.10,85.95,85.80,85.65,,,,,,,,,,,,
Antigua and Barbuda,Saint John’s,North America,442,82,212.1335,1.0058,0,201,22.98,22.83,22.68,22.53,22.38,22.23,22.08,21.93,21.78,21.63,21.48,21.33,21.17,21.02,20.87,20.72,20.56,20.41,20.26,20.11,19.95,19.80,19.65,19.50,19.35,19.20,19.05,18.91,18.75,18.59,18.45,,,,,,,,,,,,
Australia,Canberra,Oceania,7692024,1340052,3.4032,1.0099,0.33,55,17.43,17.40,17.37,17.35,17.32,17.29,17.27,17.24,17.21,17.19,17.16,17.13,17.10,17.07,17.04,17.01,16.98,16.95,16.92,16.89,16.86,16.96,17.05,17.14,17.23,17.32,17.43,17.42,17.42,17.42,17.42,,,,,,,,,,,,
Austria,Vienna,Europe,83871,39630,106.5877,1.002,0.11,99,45.72,45.80,45.87,45.95,46.02,46.10,46.18,46.25,46.33,46.40,46.48,46.51,46.54,46.57,46.60,46.63,46.66,46.69,46.72,46.75,46.79,46.84,46.88,46.94,46.99,47.03,47.08,47.12,47.16,47.21,47.25,,,,,,,,,,,,
Azerbaijan,Baku,Asia,86600,11859,119.6082,1.0044,0.13,91,10.24,10.28,11.45,11.51,11.56,11.61,11.66,11.71,11.78,11.89,11.95,12.01,12.06,12.11,12.16,12.22,12.28,12.33,12.39,12.44,12.49,12.60,12.71,12.82,12.93,13.04,13.15,13.27,13.41,13.55,13.69,,,,,,,,,,,,
Burundi,Bujumbura,Africa,27834,3031,463.0874,1.027,0.16,78,10.77,10.44,10.12,9.80,9.48,9.16,8.84,8.52,8.20,7.87,7.55,7.55,7.55,7.55,7.55,7.55,7.55,7.55,7.55,7.55,7.55,8.22,8.89,9.55,10.22,10.89,10.89,10.89,10.89,10.89,10.89,,,,,,,,,,,,
Belgium,Brussels,Europe,30528,6950,381.8111,1.0038,0.15,81,23.25,23.23,23.20,23.17,23.14,23.11,23.09,23.06,23.03,23.00,22.04,22.11,22.19,22.26,22.34,22.41,22.48,22.56,22.63,22.71,22.78,22.78,22.78,22.77,22.77,22.76,22.76,22.76,22.76,22.76,22.76,,,,,,,,,,,,
Benin,Porto-Novo,Africa,112622,31314,118.5635,1.0274,0.17,77,42.88,42.26,41.64,41.02,40.40,39.78,39.16,38.53,37.91,37.29,36.67,36.23,35.79,35.34,34.90,34.46,34.01,33.57,33.12,32.68,32.24,31.79,31.35,30.91,30.46,30.02,29.58,29.13,28.69,28.25,27.80,,,,,,,,,,,,
Burkina Faso,Ouagadougou,Africa,272967,62021,83.0641,1.0259,0.28,58,28.20,28.02,27.84,27.66,27.47,27.29,27.11,26.92,26.74,26.56,26.38,26.19,26.01,25.83,25.65,25.46,25.28,25.10,24.91,24.73,24.55,24.37,24.18,24.00,23.82,23.63,23.45,23.27,23.09,22.90,22.72,,,,,,,,,,,,
Bangladesh,Dhaka,Asia,147570,21352,1160.035,1.0108,2.15,8,14.75,14.75,14.75,14.75,14.75,14.75,14.75,14.75,14.75,14.75,14.75,14.73,14.70,14.68,14.65,14.63,14.61,14.58,14.56,14.53,14.51,14.50,14.49,14.48,14.48,14.47,14.47,14.47,14.47,14.47,14.47,,,,,,,,,,,,
Bulgaria,Sofia,Europe,110879,39762,61.1654,0.9849,0.09,108,30.07,30.12,30.16,30.20,30.25,30.29,30.33,30.38,30.42,30.46,30.51,30.83,31.69,32.03,32.36,32.73,33.07,33.41,33.74,34.09,34.42,34.60,34.78,34.95,35.13,35.31,35.38,35.50,35.62,35.74,35.86,,,,,,,,,,,,
Bahrain,Manama,Asia,765,7,1924.4876,1.0061,0.02,154,0.32,0.34,0.35,0.37,0.39,0.42,0.44,0.46,0.48,0.50,0.52,0.54,0.56,0.58,0.59,0.60,0.62,0.63,0.64,0.66,0.68,0.70,0.72,0.74,0.76,0.77,0.80,0.82,0.85,0.87,0.90,,,,,,,,,,,,
"Bahamas, The",Nassau,North America,13943,7102,29.4043,1.0051,0.01,176,50.94,50.94,50.94,50.94,50.94,50.94,50.94,50.94,50.94,50.94,50.94,50.94,50.94,50.94,50.94,50.94,50.94,50.94,50.94,50.94,50.94,50.94,50.94,50.94,50.94,50.94,50.94,50.94,50.94,50.94,50.94,,,,,,,,,,,,
Bosnia and Herzegovina,Sarajevo,Europe,51209,21883,63.1437,0.9886,0.04,137,43.16,43.07,42.78,42.59,42.40,42.20,42.01,41.82,41.63,41.44,41.24,41.23,41.21,41.19,41.17,41.16,41.14,41.12,41.10,41.09,41.07,41.29,41.52,41.75,41.97,42.20,42.51,42.73,42.73,42.73,42.73,,,,,,,,,,,,
Belarus,Minsk,Europe,207600,89672,45.9295,0.9955,0.12,96,38.36,38.84,38.84,39.08,39.33,39.57,39.81,40.06,40.30,40.54,40.79,40.96,41.14,41.32,41.50,41.67,41.83,42.01,42.18,42.37,42.53,42.53,42.54,42.54,42.53,42.53,42.91,42.98,43.05,43.12,43.19,,,,,,,,,,,,
Belize,Belmopan,North America,22966,12858,17.6466,1.0131,0.01,177,70.15,69.53,68.91,68.30,67.68,67.06,66.44,65.83,65.21,64.59,63.98,63.68,63.38,63.08,62.79,62.49,62.19,61.89,61.59,61.30,61.00,60.49,59.97,59.46,58.95,58.43,57.94,57.45,56.96,56.48,55.99,,,,,,,,,,,,
Bermuda,Hamilton,North America,54,10,1188.5926,1,0,206,18.52,18.52,18.52,18.52,18.52,18.52,18.52,18.52,18.52,18.52,18.52,18.52,18.52,18.52,18.52,18.52,18.52,18.52,18.52,18.52,18.52,18.52,18.52,18.52,18.52,18.52,18.52,18.52,18.52,18.52,18.52,,,,,,,,,,,,
Bolivia,Sucre,South America,1098581,515509,11.1272,1.012,0.15,80,53.36,53.11,52.86,52.61,52.36,52.11,51.86,51.61,51.36,51.11,50.86,50.68,50.49,50.31,50.12,49.93,49.75,49.56,49.38,49.19,49.00,48.81,48.61,48.42,48.22,48.03,47.77,47.53,47.31,47.11,46.92,,,,,,,,,,,,
Brazil,Brasilia,South America,8515767,5059854,25.2841,1.0046,2.7,7,70.46,70.01,69.55,69.10,68.65,68.20,67.74,67.29,66.84,66.39,65.93,65.46,64.99,64.52,64.04,63.57,63.10,62.63,62.15,61.68,61.21,61.02,60.84,60.66,60.47,60.29,60.07,59.83,59.71,59.56,59.42,,,,,,,,,,,,
Barbados,Bridgetown,North America,430,63,654.9651,1.0015,0,186,14.65,14.65,14.65,14.65,14.65,14.65,14.65,14.65,14.65,14.65,14.65,14.65,14.65,14.65,14.65,14.65,14.65,14.65,14.65,14.65,14.65,14.65,14.65,14.65,14.65,14.65,14.65,14.65,14.65,14.65,14.65,,,,,,,,,,,,
Brunei Darussalam,Bandar Seri Begawan,Asia,5765,4157,77.8841,1.0081,0.01,175,78.37,78.06,77.76,77.46,77.15,76.85,76.55,76.24,75.94,75.64,75.33,75.01,74.69,74.36,74.04,73.72,73.40,73.07,72.75,72.43,72.11,72.11,72.11,72.11,72.11,72.11,72.11,72.11,72.11,72.11,72.11,,,,,,,,,,,,
Bhutan,Thimphu,Asia,38394,27433,20.3796,1.0064,0.01,165,53.65,53.86,54.08,54.29,63.98,64.23,64.48,64.73,64.98,65.23,65.48,65.73,65.98,66.23,69.41,69.67,69.93,70.19,70.45,70.71,70.97,71.03,71.08,71.13,71.18,71.23,71.23,71.29,71.35,71.40,71.45,,,,,,,,,,,,
Botswana,Gaborone,Africa,582000,156658,4.5194,1.0162,0.03,144,33.18,32.97,32.76,32.55,32.34,32.14,31.93,31.72,31.51,31.30,31.09,30.88,30.67,30.47,30.26,30.05,29.84,29.63,29.42,29.21,29.00,28.80,28.59,28.38,28.17,27.96,27.75,27.54,27.33,27.13,26.92,,,,,,,,,,,,
Central African Republic,Bangui,Africa,622984,223032,8.9555,1.0224,0.07,117,37.25,37.20,37.15,37.10,37.05,37.00,36.96,36.91,36.86,36.81,36.76,36.72,36.67,36.62,36.57,36.52,36.47,36.43,36.38,36.33,36.28,36.23,36.19,36.14,36.09,36.04,35.99,35.94,35.90,35.85,35.80,,,,,,,,,,,,
Canada,Ottawa,North America,9984670,3863620,3.8513,1.0078,0.48,39,38.85,38.84,38.84,38.83,38.82,38.82,38.81,38.81,38.80,38.80,38.79,38.79,38.78,38.78,38.77,38.77,38.76,38.76,38.75,38.74,38.74,38.73,38.73,38.73,38.72,38.72,38.71,38.71,38.70,38.70,38.70,,,,,,,,,,,,
Switzerland,Bern,Europe,41284,13259,211.7157,1.0056,0.11,101,29.18,29.29,29.40,29.51,29.61,29.72,29.83,29.94,30.05,30.16,30.26,30.36,30.46,30.56,30.66,30.76,30.86,30.95,31.05,31.15,31.25,31.33,31.42,31.51,31.59,31.68,31.77,31.86,31.94,32.03,32.12,,,,,,,,,,,,
Chile,Santiago,South America,756102,185186,25.9274,1.0057,0.25,65,20.50,20.58,20.66,20.74,20.81,20.89,20.97,21.04,21.12,21.20,21.27,21.40,21.52,21.64,21.76,21.88,22.01,22.13,22.25,22.37,22.49,22.73,22.96,23.20,23.43,23.67,23.83,24.00,24.16,24.33,24.49,,,,,,,,,,,,
China,Beijing,Asia,9706961,2265663,146.8933,1,17.88,1,16.67,16.88,17.09,17.31,17.52,17.73,17.94,18.15,18.36,18.57,18.78,19.03,19.28,19.53,19.78,20.03,20.28,20.53,20.78,21.04,21.29,21.49,21.70,21.90,22.11,22.31,22.54,22.74,22.94,23.14,23.34,,,,,,,,,,,,
Cote d'Ivoire,Yamoussoukro,Africa,322463,28766,87.3295,1.0248,0.35,52,24.69,23.82,22.95,22.09,21.22,20.35,19.49,18.62,17.75,16.89,16.02,15.67,15.31,14.96,14.60,14.25,13.89,13.54,13.18,12.83,12.47,12.12,11.76,11.41,11.05,10.70,10.34,9.99,9.63,9.28,8.92,,,,,,,,,,,,
Cameroon,Yaounde,Africa,475442,204581,58.7128,1.0263,0.35,53,47.60,47.41,47.22,47.03,46.83,46.64,46.45,46.26,46.07,45.88,45.69,45.54,45.39,45.25,45.10,44.95,44.80,44.66,44.51,44.36,44.21,44.10,43.98,43.86,43.74,43.62,43.50,43.38,43.27,43.15,43.03,,,,,,,,,,,,
"Congo, Dem. Rep.",Kinshasa,Africa,2344858,1304851,42.2244,1.0325,1.24,15,66.44,66.15,65.85,65.55,65.26,64.96,64.66,64.36,64.07,63.77,63.47,63.18,62.88,62.58,62.29,61.99,61.69,61.40,61.10,60.80,60.51,60.02,59.53,59.05,58.56,58.08,57.59,57.10,56.62,56.13,55.65,,,,,,,,,,,,
"Congo, Rep.",Brazzaville,Africa,342000,219782,17.4574,1.0231,0.07,114,65.34,65.31,65.27,65.24,65.20,65.17,65.13,65.10,65.06,65.03,64.99,64.96,64.92,64.89,64.85,64.82,64.78,64.75,64.71,64.68,64.64,64.61,64.57,64.54,64.50,64.47,64.43,64.40,64.35,64.31,64.26,,,,,,,,,,,,
Colombia,Bogota,South America,1141748,608609,45.4339,1.0069,0.65,28,58.55,58.35,58.15,57.95,57.75,57.55,57.35,57.14,56.94,56.74,56.54,56.37,56.20,56.02,55.85,55.68,55.50,55.33,55.15,54.98,54.81,54.69,54.56,54.44,54.32,54.20,54.04,53.84,53.66,53.48,53.31,,,,,,,,,,,,
Comoros,Moroni,Africa,1862,330,449.3953,1.0184,0.01,163,24.75,24.51,24.28,24.04,23.81,23.57,23.34,23.10,22.87,22.63,22.40,22.16,21.93,21.69,21.46,21.22,20.98,20.75,20.51,20.28,20.04,19.81,19.57,19.34,19.10,18.87,18.63,18.39,18.16,17.93,17.69,,,,,,,,,,,,
Cabo Verde,Praia,Africa,4033,458,147.0739,1.0089,0.01,171,3.82,4.42,5.02,5.63,6.23,6.84,7.44,8.04,8.65,9.25,9.86,9.93,10.00,10.08,10.15,10.23,10.30,10.38,10.45,10.53,10.60,10.67,10.75,10.82,10.90,10.97,11.05,11.12,11.20,11.27,11.34,,,,,,,,,,,,
Costa Rica,San José,North America,51100,30373,101.3861,1.0052,0.06,124,56.94,56.84,56.74,56.65,56.55,56.45,56.35,56.25,56.15,56.06,55.96,55.99,56.01,56.04,56.07,56.09,56.12,56.15,56.18,56.20,56.23,56.55,56.87,57.19,57.51,57.83,58.16,58.48,58.80,59.12,59.44,,,,,,,,,,,,
Cuba,Havana,North America,109884,34321,102.0366,0.9961,0.14,85,19.16,19.51,19.86,20.22,20.57,20.92,21.27,21.62,21.97,22.32,22.67,23.14,23.82,24.29,24.75,25.21,25.68,26.15,26.61,27.08,27.55,27.91,28.44,29.58,30.12,30.59,31.15,31.23,31.23,31.23,31.23,,,,,,,,,,,,
Curacao,Willemstad,North America,444,1,430.5473,1.0043,0,189,,,0.00,0.00,0.00,0.00,0.00,0.00,0.00,0.00,0.16,0.00,0.00,0.00,0.00,0.00,0.00,0.00,0.00,0.00,0.16,0.16,0.16,0.16,0.16,0.16,0.16,0.16,0.16,0.16,0.16,,,,,,,,,,,,
Cayman Islands,George Town,North America,264,140,260.25,1.0084,0,205,54.71,54.63,54.54,54.46,54.38,54.29,54.21,54.13,54.04,53.96,53.88,53.79,53.70,53.61,53.53,53.44,53.35,53.26,53.18,53.09,53.00,53.00,53.00,53.00,53.00,53.00,53.00,53.00,53.38,53.00,53.00,,,,,,,,,,,,
Cyprus,Nicosia,Europe,9251,1728,135.2814,1.0059,0.02,158,17.44,17.55,17.66,17.78,17.89,18.00,18.12,18.23,18.35,18.46,18.57,18.59,18.60,18.61,18.63,18.64,18.65,18.67,18.68,18.69,18.71,18.70,18.70,18.70,18.69,18.69,18.68,18.68,18.68,18.67,18.67,,,,,,,,,,,,
Czech Republic,Prague,Europe,78865,27349,133.0627,0.9984,0.13,88,34.02,34.02,34.02,34.06,34.07,34.08,34.09,34.10,34.11,34.12,34.13,34.16,34.18,34.21,34.24,34.27,34.30,34.32,34.35,34.37,34.40,34.43,34.47,34.50,34.53,34.56,34.57,34.60,34.63,34.65,34.68,,,,,,,,,,,,
Germany,Berlin,Europe,357114,116718,233.4544,0.9995,1.05,19,32.37,32.38,32.40,32.41,32.43,32.45,32.46,32.48,32.50,32.52,32.54,32.56,32.58,32.60,32.62,32.63,32.65,32.67,32.69,32.71,32.73,32.74,32.75,32.72,32.72,32.73,32.69,32.68,32.68,32.68,32.68,,,,,,,,,,,,
Djibouti,Djibouti,Africa,23200,59,48.3125,1.0138,0.01,160,0.24,0.24,0.24,0.24,0.24,0.24,0.24,0.24,0.24,0.24,0.24,0.24,0.24,0.24,0.24,0.24,0.24,0.24,0.24,0.24,0.24,0.24,0.24,0.24,0.24,0.24,0.24,0.24,0.24,0.25,0.25,,,,,,,,,,,,
Dominica,Roseau,North America,751,480,96.8535,1.0045,0,204,67.08,66.75,66.43,66.10,65.78,65.45,65.13,64.80,64.48,64.15,63.83,63.83,63.83,63.83,63.83,63.83,63.83,63.83,63.83,63.83,63.83,63.83,63.83,63.83,63.83,63.83,63.83,63.83,63.83,63.83,63.83,,,,,,,,,,,,
Denmark,Copenhagen,Europe,43094,6771,136.4984,1.0048,0.07,115,12.54,12.63,12.71,12.81,12.90,13.00,13.09,13.19,13.28,13.38,13.47,13.51,13.54,13.58,13.61,13.65,13.68,13.72,13.75,13.79,13.82,14.00,15.04,15.24,15.43,15.62,15.62,15.64,15.66,15.69,15.71,,,,,,,,,,,,
Dominican Republic,Santo Domingo,North America,48671,21602,230.7087,1.01,0.14,84,33.01,33.80,34.58,35.36,36.14,36.92,37.70,38.48,39.27,40.05,40.83,41.04,41.25,41.45,41.66,41.87,42.08,42.29,42.50,42.70,42.91,43.04,43.17,43.29,43.42,43.54,43.71,43.88,44.05,44.21,44.38,,,,,,,,,,,,
Algeria,Algiers,Africa,2381741,19490,18.8531,1.0164,0.56,34,0.70,0.70,0.69,0.69,0.69,0.68,0.68,0.67,0.67,0.67,0.66,0.68,0.69,0.71,0.72,0.73,0.75,0.76,0.78,0.79,0.81,0.81,0.81,0.81,0.82,0.82,0.82,0.82,0.81,0.81,0.82,,,,,,,,,,,,
Ecuador,Quito,South America,276841,139311,65.0229,1.0114,0.23,67,52.85,52.53,52.20,51.88,51.55,51.23,50.90,50.57,56.01,55.65,55.28,55.00,54.72,54.44,54.15,53.87,53.59,53.31,53.02,52.74,52.46,52.29,52.12,51.95,51.78,51.62,51.36,51.10,50.84,50.58,50.32,,,,,,,,,,,,
"Egypt, Arab Rep.",Cairo,Africa,1002450,453,110.7188,1.0158,1.39,14,0.04,0.05,0.05,0.05,0.05,0.05,0.05,0.05,0.06,0.06,0.06,0.06,0.06,0.06,0.06,0.06,0.06,0.06,0.06,0.07,0.07,0.06,0.06,0.06,0.05,0.05,0.05,0.05,0.05,0.05,0.05,,,,,,,,,,,,
Eritrea,Asmara,Africa,117600,12287,31.3268,1.0176,0.05,132,16.05,16.43,16.05,11.29,11.26,11.23,11.20,11.17,11.14,11.11,11.07,11.04,11.01,10.98,10.95,10.92,10.89,10.85,10.82,10.79,10.76,10.73,10.70,10.67,10.64,10.60,10.57,10.54,10.51,10.48,10.45,,,,,,,,,,,,
Spain,Madrid,Europe,505992,188097,93.9909,1.0015,0.6,30,27.84,28.48,29.12,29.76,30.39,31.03,31.67,32.31,32.95,33.59,34.26,34.58,34.84,35.11,35.41,35.70,36.00,36.28,36.60,36.90,37.09,37.10,37.08,37.08,37.08,37.13,37.14,37.15,37.16,37.17,37.17,,,,,,,,,,,,
Estonia,Tallinn,Europe,45227,25370,29.3201,0.998,0.02,156,52.04,52.04,52.19,52.27,52.35,52.43,52.51,52.58,52.66,52.74,52.82,53.05,53.27,53.50,53.73,53.96,54.19,54.42,54.65,54.88,55.11,55.51,55.91,54.91,55.30,55.69,55.70,56.09,56.09,56.09,56.09,,,,,,,,,,,,
Ethiopia,Addis Ababa,Africa,1104300,166907,111.7268,1.0257,1.55,12,18.54,18.47,18.40,19.04,18.97,18.89,18.82,18.75,18.67,18.60,18.53,18.46,18.38,18.31,16.15,16.08,16.02,15.95,15.89,15.83,15.76,15.70,15.63,15.57,15.50,15.44,15.37,15.31,15.24,15.18,15.11,,,,,,,,,,,,
Finland,Helsinki,Europe,338424,249531,16.3722,1.0009,0.07,118,71.82,72.01,72.19,72.38,72.57,72.76,72.94,73.13,73.32,73.50,73.69,73.62,73.56,73.49,73.42,73.36,73.41,73.34,73.32,73.26,73.19,73.30,73.41,73.52,73.63,73.74,73.74,73.73,73.73,73.73,73.73,,,,,,,,,,,,
Fiji,Suva,Oceania,18272,11402,50.8847,1.0056,0.01,162,51.43,51.80,52.16,52.53,52.90,53.26,53.63,53.99,54.36,54.72,55.09,55.45,55.82,56.19,56.55,56.92,57.28,57.65,58.01,58.38,58.74,59.11,59.47,59.84,60.20,60.57,60.94,61.30,61.67,62.03,62.40,,,,,,,,,,,,
France,Paris,Europe,551695,173834,117.1419,1.0015,0.81,23,26.36,26.52,26.68,26.83,26.99,27.14,27.30,27.45,27.61,27.76,27.92,28.13,28.33,28.52,28.75,28.95,29.16,29.37,29.57,29.78,29.99,30.14,30.29,30.44,30.60,30.75,30.90,31.05,31.20,31.36,31.51,,,,,,,,,,,,
Faroe Islands,Tórshavn,Europe,1393,1,38.112,1.0038,0,209,0.06,0.06,0.06,0.06,0.06,0.06,0.06,0.06,0.06,0.06,0.06,0.06,0.06,0.06,0.06,0.06,0.06,0.06,0.06,0.06,0.06,0.06,0.06,0.06,0.06,0.06,0.06,0.06,0.06,0.06,0.06,,,,,,,,,,,,
"Micronesia, Fed. Sts.",Palikir,Oceania,702,647,162.6268,1.0091,0,194,,90.87,90.91,90.95,90.99,91.03,91.07,91.11,91.15,91.19,91.23,91.27,91.31,91.34,91.38,91.42,91.46,91.50,91.54,91.58,91.61,91.65,91.69,91.73,91.77,91.81,91.86,91.90,91.94,91.99,92.03,,,,,,,,,,,,
Gabon,Libreville,Africa,267668,244437,8.9252,1.0204,0.03,146,92.22,92.19,92.17,92.15,92.12,92.10,92.07,92.05,92.03,92.00,91.98,91.96,91.94,91.92,91.90,91.88,91.86,91.84,91.82,91.80,91.78,91.74,91.69,91.64,91.60,91.55,91.51,91.46,91.41,91.37,91.32,,,,,,,,,,,,
United Kingdom,London,Europe,242900,32028,277.9289,1.0034,0.85,21,11.48,11.56,11.63,11.70,11.77,11.85,11.92,11.99,12.06,12.14,12.21,12.25,12.30,12.34,12.38,12.43,12.47,12.51,12.56,12.60,12.64,12.72,12.80,12.88,12.96,13.04,13.06,13.08,13.12,13.15,13.19,,,,,,,,,,,,
Georgia,Tbilisi,Asia,69700,28310,53.7214,0.9964,0.05,131,39.60,39.60,39.63,39.64,39.65,39.67,39.68,39.69,39.70,39.71,39.73,39.82,39.90,39.99,40.08,40.17,40.26,40.35,40.44,40.53,40.62,40.62,40.62,40.62,40.62,40.62,40.62,40.62,40.62,40.62,40.62,,,,,,,,,,,,
Ghana,Accra,Africa,238533,83716,140.3406,1.0196,0.42,47,43.62,43.14,42.67,42.20,41.72,41.25,40.78,40.31,39.83,39.36,38.89,38.49,38.09,37.69,37.30,36.90,36.50,36.10,35.70,35.31,34.91,34.85,34.80,34.74,34.69,34.63,34.82,35.00,35.03,35.06,35.10,,,,,,,,,,,,
Gibraltar,Gibraltar,Europe,6,0,5441.5,0.9994,0,219,0.00,0.00,0.00,0.00,0.00,0.00,0.00,0.00,0.00,0.00,0.00,0.00,0.00,0.00,0.00,0.00,0.00,0.00,0.00,0.00,0.00,0.00,0.00,0.00,0.00,0.00,0.00,0.00,0.00,0.00,0.00,,,,,,,,,,,,
Guinea,Conakry,Africa,245857,61925,56.3716,1.0242,0.17,75,29.61,29.47,29.33,29.19,29.05,28.90,28.76,28.62,28.48,28.34,28.20,28.05,27.91,27.76,27.61,27.47,27.32,27.17,27.03,26.88,26.73,26.59,26.44,26.29,26.15,26.00,25.84,25.68,25.51,25.35,25.19,,,,,,,,,,,,
"Gambia, The",Banjul,Africa,10689,2564,253.1567,1.025,0.03,142,40.97,40.41,39.84,39.27,38.71,38.14,37.58,37.01,36.44,35.88,35.31,34.74,34.18,33.61,33.04,32.48,31.91,31.34,30.78,30.21,29.64,29.08,28.51,27.95,27.38,26.81,26.25,25.68,25.11,24.55,23.98,,,,,,,,,,,,
Guinea-Bissau,Bissau,Africa,36125,25437,58.2856,1.0218,0.03,149,79.42,79.12,78.82,78.52,78.22,77.92,77.62,77.32,77.02,76.72,76.42,76.12,75.82,75.52,75.22,74.92,74.62,74.32,74.02,73.72,73.42,73.11,72.81,72.51,72.21,71.91,71.61,71.31,71.01,70.71,70.41,,,,,,,,,,,,
Equatorial Guinea,Malabo,Africa,28051,24486,59.7094,1.0247,0.02,152,96.23,95.93,95.63,95.33,95.03,94.74,94.44,94.14,93.84,93.54,93.25,92.95,92.65,92.35,92.06,91.76,91.46,91.16,90.86,90.57,90.27,89.97,89.67,89.37,89.08,88.78,88.48,88.18,87.88,87.59,87.29,,,,,,,,,,,,
Greece,Athens,Europe,131990,39954,78.68,0.9942,0.13,90,25.59,25.82,26.06,26.29,26.53,26.76,26.99,27.23,27.46,27.70,27.93,28.16,28.40,28.63,28.87,29.10,29.33,29.57,29.80,30.04,30.27,30.27,30.27,30.27,30.27,30.27,30.27,30.27,30.27,30.27,30.27,,,,,,,,,,,,
Grenada,Saint George's,North America,344,180,364.6453,1.0066,0,193,52.06,52.06,52.06,52.06,52.06,52.06,52.06,52.06,52.06,52.06,52.06,52.06,52.06,52.06,52.06,52.06,52.06,52.06,52.06,52.06,52.06,52.06,52.06,52.06,52.06,52.06,52.06,52.06,52.06,52.06,52.06,,,,,,,,,,,,
Greenland,Nuuk,North America,2166086,12,0.0261,1.004,0,208,0.00,0.00,0.00,0.00,0.00,0.00,0.00,0.00,0.00,0.00,0.00,0.00,0.00,0.00,0.00,0.00,0.00,0.00,0.00,0.00,0.00,0.00,0.00,0.00,0.00,0.00,0.00,0.00,0.00,0.00,0.00,,,,,,,,,,,,
Guatemala,Guatemala City,North America,108889,35848,163.8725,1.0134,0.22,68,44.62,44.08,43.55,43.02,42.48,41.95,41.41,40.88,40.35,39.81,39.28,38.83,38.37,37.92,37.46,37.01,36.56,36.10,35.65,35.19,34.74,34.48,34.23,33.97,33.72,33.46,33.35,33.25,33.14,33.03,32.92,,,,,,,,,,,,
Guam,Hagåtña,Oceania,549,285,312.8852,1.0073,0,191,44.44,44.44,44.44,44.44,44.44,44.44,44.44,44.44,44.44,44.44,44.44,44.44,44.44,44.44,44.44,44.44,44.44,44.44,44.44,44.44,44.44,44.81,45.19,45.56,45.93,46.30,51.85,51.85,51.85,51.85,51.85,,,,,,,,,,,,
Guyana,Georgetown,South America,214969,201104,3.7621,1.0052,0.01,164,94.50,94.48,94.46,94.44,94.42,94.40,94.38,94.36,94.34,94.33,94.31,94.28,94.26,94.24,94.22,94.19,94.17,94.15,94.13,94.10,94.08,94.02,93.96,93.90,93.84,93.78,93.74,93.69,93.64,93.60,93.55,,,,,,,,,,,,
"Hong Kong SAR, China",Hong Kong,Asia,1104,0,6783.3922,0.9992,0.09,104,,,0.00,0.00,0.00,0.00,0.00,0.00,0.00,0.00,0.00,0.00,0.00,0.00,0.00,0.00,0.00,0.00,0.00,0.00,0.00,0.00,0.00,0.00,0.00,0.00,0.00,0.00,0.00,0.00,0.00,,,,,,,,,,,,
Honduras,Tegucigalpa,North America,112492,63935,92.7431,1.015,0.13,89,62.45,62.26,62.08,61.89,61.70,61.52,61.33,61.14,60.95,60.77,60.58,60.40,60.22,60.04,59.85,59.67,59.49,59.31,59.13,58.95,58.77,58.57,58.37,58.17,57.97,57.77,57.58,57.40,57.21,57.02,56.83,,,,,,,,,,,,
Croatia,Zagreb,Europe,56594,19393,71.2153,0.9927,0.05,130,33.09,33.09,33.21,33.28,33.34,33.40,33.42,33.49,33.59,33.65,33.71,33.78,33.84,33.90,33.93,34.00,34.06,34.12,34.19,34.25,34.31,34.32,34.32,34.33,33.96,33.96,34.00,34.13,34.18,34.22,34.27,,,,,,,,,,,,
Haiti,Port-au-Prince,North America,27750,3497,417.4773,1.012,0.15,82,13.89,13.89,13.88,13.87,13.86,13.85,13.84,13.84,13.83,13.82,13.81,13.80,13.80,13.79,13.78,13.77,13.76,13.75,13.75,13.74,13.73,13.62,13.50,13.39,13.28,13.17,13.05,12.94,12.83,12.71,12.60,,,,,,,,,,,,
Hungary,Budapest,Europe,93028,20928,107.1431,1.0265,0.12,94,20.18,20.30,20.42,20.54,20.66,20.78,20.90,21.04,21.15,21.27,21.44,21.58,21.72,21.86,22.00,22.14,22.28,22.42,22.56,22.47,22.60,22.64,22.67,22.70,22.55,22.58,22.56,22.54,22.53,22.51,22.50,,,,,,,,,,,,
Indonesia,Jakarta,Asia,1904569,934606,144.6529,1.0064,3.45,4,65.44,64.48,63.53,62.58,61.63,60.67,59.72,58.77,57.81,56.86,55.91,55.82,55.73,55.64,55.55,55.46,55.37,55.28,55.19,55.10,55.01,54.50,53.99,53.48,52.97,52.46,50.74,50.04,49.72,49.39,49.07,,,,,,,,,,,,
Isle of Man,Douglas,Europe,572,35,147.7605,1.003,0,202,6.07,6.07,6.07,6.07,6.07,6.07,6.07,6.07,6.07,6.07,6.07,6.07,6.07,6.07,6.07,6.07,6.07,6.07,6.07,6.07,6.07,6.07,6.07,6.07,6.07,6.07,6.07,6.07,6.07,6.07,6.07,,,,,,,,,,,,
India,New Delhi,Asia,3287590,797906,431.0675,1.0068,17.77,2,21.50,21.63,21.75,21.87,22.00,22.12,22.24,22.36,22.49,22.61,22.73,22.80,22.86,22.93,22.99,23.05,23.12,23.18,23.25,23.31,23.37,23.46,23.55,23.64,23.73,23.82,23.91,24.00,24.09,24.18,24.27,,,,,,,,,,,,
Ireland,Dublin,Europe,70273,7978,71.4799,1.0073,0.06,125,6.70,6.95,7.19,7.44,7.68,7.93,8.17,8.42,8.66,8.91,9.15,9.28,9.41,9.54,9.67,9.80,9.93,10.06,10.20,10.33,10.46,10.56,10.66,10.76,10.86,10.95,11.07,11.18,11.24,11.29,11.35,,,,,,,,,,,,
"Iran, Islamic Rep.",Tehran,Asia,1648195,108802,53.7258,1.0071,1.11,17,5.57,5.59,5.60,5.62,5.63,5.65,5.66,5.68,5.69,5.71,5.73,5.81,5.89,5.98,6.06,6.15,6.23,6.31,6.40,6.48,6.56,6.56,6.56,6.56,6.56,6.56,6.57,6.58,6.59,6.60,6.60,,,,,,,,,,,,
Iraq,Baghdad,Asia,438317,8330,101.5158,1.0221,0.56,35,1.84,1.84,1.84,1.85,1.85,1.85,1.86,1.86,1.86,1.87,1.87,1.87,1.87,1.88,1.88,1.88,1.88,1.88,1.88,1.90,1.90,1.90,1.90,1.90,1.90,1.90,1.90,1.90,1.90,1.90,1.90,,,,,,,,,,,,
Iceland,Reykjavík,Europe,103000,525,3.6204,1.0069,0,179,0.17,0.18,0.20,0.21,0.22,0.23,0.25,0.26,0.27,0.28,0.30,0.31,0.33,0.34,0.36,0.37,0.39,0.40,0.42,0.43,0.45,0.45,0.46,0.47,0.47,0.48,0.49,0.49,0.50,0.50,0.51,,,,,,,,,,,,
Israel,Jerusalem,Asia,20770,1344,435.1617,1.0155,0.11,98,6.10,6.20,6.29,6.39,6.49,6.59,6.68,6.78,6.88,6.97,7.07,7.07,7.08,7.08,7.09,7.09,7.10,7.10,7.11,7.11,7.12,7.22,7.32,7.42,7.52,7.62,6.47,6.47,6.47,6.47,6.47,,,,,,,,,,,,
Italy,Rome,Europe,301336,96820,195.9191,0.9966,0.74,25,25.81,26.07,26.34,26.60,26.87,27.13,27.40,27.66,27.93,28.19,28.46,28.68,28.90,29.13,29.35,29.57,29.80,30.02,30.25,30.47,30.69,30.88,31.06,31.24,31.42,31.61,31.79,31.97,31.77,31.95,32.13,,,,,,,,,,,,
Jamaica,Kingston,North America,10991,6058,257.2447,0.9999,0.04,139,48.13,48.13,48.13,48.13,48.12,48.12,48.12,48.11,48.11,48.11,48.11,48.45,48.80,49.14,49.49,49.84,50.18,50.53,50.87,51.22,51.57,51.92,52.27,52.62,52.97,53.32,53.68,54.04,54.40,54.76,55.11,,,,,,,,,,,,
Jordan,Amman,Asia,89342,982,126.3221,1.0123,0.14,83,1.10,1.10,1.10,1.10,1.10,1.10,1.10,1.10,1.10,1.10,1.10,1.10,1.10,1.10,1.10,1.10,1.10,1.10,1.10,1.10,1.10,1.10,1.10,1.10,1.10,1.10,1.10,1.10,1.10,1.10,1.10,,,,,,,,,,,,
Japan,Tokyo,Asia,377930,258538,327.9753,0.9947,1.55,11,68.43,68.41,68.39,68.37,68.35,68.33,68.33,68.31,68.29,68.27,68.25,68.27,68.30,68.32,68.35,68.37,68.40,68.42,68.44,68.47,68.49,68.48,68.47,68.46,68.45,68.43,68.42,68.41,68.41,68.41,68.41,,,,,,,,,,,,
Kazakhstan,Nursultan,Asia,2724900,34870,7.1188,1.0105,0.24,66,1.27,1.27,1.17,1.17,1.17,1.17,1.17,1.17,1.17,1.17,1.17,1.17,1.16,1.16,1.16,1.16,1.15,1.15,1.15,1.14,1.14,1.16,1.18,1.19,1.21,1.23,1.24,1.25,1.26,1.27,1.28,,,,,,,,,,,,
Kenya,Nairobi,Africa,580367,36824,93.0919,1.0193,0.68,27,6.78,6.80,6.82,6.83,6.85,6.87,6.89,6.91,6.92,6.94,6.96,6.90,6.84,6.78,6.72,6.66,6.60,6.54,6.48,6.41,6.35,6.32,6.29,6.26,6.22,6.19,6.24,6.29,6.34,6.34,6.34,,,,,,,,,,,,
Kyrgyz Republic,Bishkek,Asia,199951,13713,33.1612,1.0158,0.08,110,4.36,4.36,5.97,5.99,6.02,6.04,6.06,6.09,6.11,6.13,6.16,6.18,6.21,6.23,6.26,6.28,6.31,6.33,6.36,6.39,6.41,6.43,6.46,6.48,6.50,6.53,6.55,6.57,6.67,6.76,6.86,,,,,,,,,,,,
Cambodia,Phnom Penh,Asia,181035,82748,92.6221,1.0108,0.21,73,62.34,62.22,62.09,61.96,61.84,61.71,61.58,61.46,61.33,61.20,61.08,60.97,60.86,60.75,60.64,60.53,60.42,60.31,60.21,60.10,59.99,58.01,56.04,54.07,52.09,50.12,49.24,48.35,47.47,46.59,45.71,,,,,,,,,,,,
Kiribati,Tarawa,Oceania,811,12,161.815,1.0183,0,192,1.46,1.46,1.46,1.46,1.46,1.46,1.46,1.46,1.46,1.46,1.46,1.46,1.46,1.46,1.46,1.46,1.46,1.46,1.46,1.46,1.46,1.46,1.46,1.46,1.46,1.46,1.46,1.46,1.46,1.46,1.46,,,,,,,,,,,,
St. Kitts and Nevis,Basseterre,North America,261,111,182.5939,1.0011,0,211,42.31,42.31,42.31,42.31,42.31,42.31,42.31,42.31,42.31,42.31,42.31,42.31,42.31,42.31,42.31,42.31,42.31,42.31,42.31,42.31,42.31,42.31,42.31,42.31,42.31,42.31,42.31,42.31,42.31,42.31,42.31,,,,,,,,,,,,
"Korea, Rep.",Seoul,Asia,100210,64605,517.0722,0.9997,0.65,29,67.91,67.84,67.76,67.68,67.60,67.53,67.45,67.37,67.29,67.21,67.14,66.85,66.72,66.63,66.52,66.41,66.29,66.18,66.04,65.90,65.71,65.61,65.43,65.25,65.14,65.03,64.88,64.78,64.67,64.57,64.47,,,,,,,,,,,,
Kuwait,Kuwait City,Asia,17818,63,239.5821,1.0044,0.05,129,0.19,0.20,0.21,0.22,0.23,0.23,0.24,0.25,0.26,0.26,0.27,0.28,0.29,0.30,0.30,0.31,0.32,0.33,0.34,0.34,0.35,0.35,0.35,0.35,0.35,0.35,0.35,0.35,0.35,0.35,0.35,,,,,,,,,,,,
Lao PDR,Vientiane,Asia,236800,170270,31.7968,1.0141,0.09,103,77.31,77.13,76.95,76.77,76.58,76.40,76.22,76.04,75.86,75.68,75.50,75.29,75.08,74.87,74.66,74.45,74.24,74.03,73.82,73.61,73.40,73.25,73.10,72.95,72.80,72.65,72.50,72.35,72.20,72.05,71.90,,,,,,,,,,,,
Lebanon,Beirut,Asia,10452,1465,525.2334,0.9816,0.07,119,13.66,13.64,13.63,13.61,13.60,13.58,13.57,13.55,13.54,13.52,13.51,13.50,13.49,13.48,13.47,13.47,13.46,13.45,13.44,13.43,13.43,13.48,13.54,13.60,13.66,13.72,13.78,13.83,13.89,13.95,14.01,,,,,,,,,,,,
Liberia,Monrovia,Africa,111369,88076,47.6136,1.021,0.07,121,88.51,88.20,87.88,87.57,87.25,86.94,86.62,86.31,86.00,85.68,85.37,85.05,84.74,84.43,84.11,83.80,83.48,83.17,82.85,82.54,82.23,81.91,81.60,81.28,80.97,80.66,80.34,80.03,79.71,79.40,79.08,,,,,,,,,,,,
Libya,Tripoli,Africa,1759540,2170,3.8717,1.0114,0.09,107,0.12,0.12,0.12,0.12,0.12,0.12,0.12,0.12,0.12,0.12,0.12,0.12,0.12,0.12,0.12,0.12,0.12,0.12,0.12,0.12,0.12,0.12,0.12,0.12,0.12,0.12,0.12,0.12,0.12,0.12,0.12,,,,,,,,,,,,
St. Lucia,Castries,North America,616,210,291.9756,1.0011,0,190,34.87,34.83,34.78,34.74,34.70,34.66,34.61,34.57,34.53,34.49,34.44,34.40,34.36,34.32,34.29,34.25,34.21,34.17,34.13,34.09,34.05,34.05,34.05,34.05,34.05,34.05,34.05,34.05,34.05,34.05,34.05,,,,,,,,,,,,
Liechtenstein,Vaduz,Europe,160,67,245.7937,1.0074,0,216,40.63,40.75,40.88,41.00,41.13,41.25,41.38,41.50,41.63,41.75,41.88,41.87,41.87,41.87,41.87,41.87,41.87,41.87,41.87,41.87,41.87,41.87,41.87,41.87,41.87,41.88,41.88,41.88,41.88,41.88,41.88,,,,,,,,,,,,
Sri Lanka,Colombo,Asia,65610,22410,332.7563,1.0027,0.27,61,37.48,37.19,36.89,36.60,36.31,36.01,35.72,35.43,35.13,34.84,34.55,34.45,34.35,34.25,34.15,34.05,33.95,33.85,33.75,33.65,33.55,33.63,33.71,33.79,33.87,34.40,34.34,34.29,34.26,34.21,34.16,,,,,,,,,,,,
Lesotho,Maseru,Africa,30355,346,75.962,1.0107,0.03,147,1.14,1.14,1.14,1.14,1.14,1.14,1.14,1.14,1.14,1.14,1.14,1.14,1.14,1.14,1.14,1.14,1.14,1.14,1.14,1.14,1.14,1.14,1.14,1.14,1.14,1.14,1.14,1.14,1.14,1.14,1.14,,,,,,,,,,,,
Lithuania,Vilnius,Europe,65300,22949,42.1142,0.9869,0.03,141,31.03,31.03,31.27,31.39,31.51,31.63,31.75,31.87,31.99,32.11,32.23,32.47,32.71,32.95,33.18,33.42,33.66,33.90,34.14,34.38,34.62,34.68,34.73,34.79,34.85,34.91,34.96,35.06,35.10,35.13,35.14,,,,,,,,,,,,
Luxembourg,Luxembourg,Europe,2586,944,250.425,1.0129,0.01,168,,,0.00,0.00,0.00,0.00,0.00,0.00,0.00,0.00,35.68,35.76,35.84,35.93,36.01,36.09,36.17,36.26,36.34,36.42,36.50,36.50,36.50,36.50,36.50,36.50,36.50,36.50,36.50,36.50,36.50,,,,,,,,,,,,
Latvia,Riga,Europe,64559,35465,28.666,0.9876,0.02,151,51.02,51.02,51.23,51.34,51.45,51.56,51.67,51.78,51.89,52.00,52.11,52.32,52.53,52.74,52.95,53.16,53.37,53.59,53.80,54.02,54.18,54.28,54.36,54.41,54.52,54.59,54.66,54.73,54.81,54.87,54.93,,,,,,,,,,,,
"Macao SAR, China",Concelho de Macau,Asia,30,0,23172.2667,1.0125,0.01,167,,,0.00,0.00,0.00,0.00,0.00,0.00,0.00,0.00,0.00,0.00,0.00,0.00,0.00,0.00,0.00,0.00,0.00,0.00,0.00,0.00,0.00,0.00,0.00,0.00,0.00,0.00,0.00,0.00,0.00,,,,,,,,,,,,
St. Martin (French part),Marigot,North America,53,14,599.8302,0.9951,0,220,18.38,18.38,18.38,18.38,18.38,18.38,18.38,18.38,18.38,18.38,22.79,18.38,18.38,18.38,18.38,18.38,18.38,18.38,18.38,18.38,22.79,24.80,24.80,24.80,24.80,24.80,24.80,24.80,24.80,24.80,24.80,,,,,,,,,,,,
Morocco,Rabat,Africa,446550,57458,83.883,1.0103,0.47,40,12.29,12.30,12.30,12.30,12.31,12.31,12.32,12.32,12.33,12.33,12.34,12.38,12.41,12.45,12.49,12.53,12.56,12.60,12.64,12.68,12.71,12.72,12.72,12.73,12.73,12.74,12.77,12.80,12.82,12.84,12.87,,,,,,,,,,,,
Monaco,Monaco,Europe,2,0,18234.5,0.9941,0,217,0.00,0.00,0.00,0.00,0.00,0.00,0.00,0.00,0.00,0.00,0.00,0.00,0.00,0.00,0.00,0.00,0.00,0.00,0.00,0.00,0.00,0.00,0.00,0.00,0.00,0.00,0.00,0.00,0.00,0.00,0.00,,,,,,,,,,,,
Moldova,Chisinau,Europe,33846,3978,96.7026,1.0691,0.04,135,9.70,9.70,10.02,10.05,10.11,10.17,10.23,10.29,10.35,10.41,10.47,10.57,10.66,10.75,10.84,10.93,11.02,11.11,11.20,11.29,11.40,11.47,11.54,11.61,11.68,11.75,11.75,11.75,11.75,11.75,11.75,,,,,,,,,,,,
Madagascar,Antananarivo,Africa,587041,125418,50.4423,1.0241,0.37,50,23.55,23.43,23.32,23.20,23.09,22.98,22.86,22.75,22.64,22.52,22.41,22.33,22.25,22.17,22.08,22.00,21.92,21.84,21.76,21.68,21.60,21.57,21.55,21.52,21.50,21.48,21.46,21.43,21.41,21.39,21.36,,,,,,,,,,,,
Maldives,Malé,Asia,300,9,1745.9567,1.0045,0.01,174,2.73,2.73,2.73,2.73,2.73,2.73,2.73,2.73,2.73,2.73,2.73,2.73,2.73,2.73,2.73,2.73,2.73,2.73,2.73,2.73,2.73,2.73,2.73,2.73,2.73,2.73,2.73,2.73,2.73,2.73,2.73,,,,,,,,,,,,
Mexico,Mexico City,North America,1964375,663824,64.9082,1.0063,1.6,10,36.31,36.20,36.09,35.97,35.86,35.75,35.63,35.52,35.40,35.29,35.18,35.10,35.03,34.95,34.88,34.81,34.73,34.66,34.58,34.51,34.44,34.37,34.31,34.25,34.18,34.12,34.06,33.99,33.92,33.86,33.79,,,,,,,,,,,,
Marshall Islands,Majuro,Oceania,181,95,229.663,0.9886,0,215,,52.22,52.22,52.22,52.22,52.22,52.22,52.22,52.22,52.22,52.22,52.22,52.22,52.22,52.22,52.22,52.22,52.22,52.22,52.22,52.22,52.22,52.22,52.22,52.22,52.22,52.22,52.22,52.22,52.22,52.22,,,,,,,,,,,,
North Macedonia,Skopje,Europe,25713,10211,81.4218,0.9954,0.03,150,35.86,35.86,36.22,36.40,36.58,36.76,36.94,37.12,37.30,37.48,37.65,37.67,37.68,37.69,37.70,37.71,37.72,38.03,38.04,38.07,38.08,38.35,38.62,38.89,39.16,39.43,39.72,39.71,39.71,39.71,39.71,,,,,,,,,,,,
Mali,Bamako,Africa,1240192,135140,18.2178,1.0314,0.28,59,10.90,10.90,10.90,10.90,10.90,10.90,10.90,10.90,10.90,10.90,10.90,10.90,10.90,10.90,10.90,10.90,10.90,10.90,10.90,10.90,10.90,10.90,10.90,10.90,10.90,10.90,10.90,10.90,10.90,10.90,10.90,,,,,,,,,,,,
Malta,Valletta,Europe,316,5,1687.6139,1.0124,0.01,173,1.09,1.09,1.09,1.09,1.09,1.09,1.09,1.09,1.09,1.09,1.09,1.09,1.09,1.09,1.09,1.09,1.09,1.09,1.09,1.09,1.09,1.09,1.09,1.09,1.09,1.09,1.19,1.31,1.44,1.44,1.44,,,,,,,,,,,,
Myanmar,Nay Pyi Taw,Asia,676578,295841,80.0784,1.0071,0.68,26,60.01,59.34,58.68,58.01,57.35,56.68,56.02,55.35,54.68,54.02,53.35,52.83,52.30,51.78,51.26,50.74,50.21,49.68,49.17,48.65,48.13,47.68,47.25,46.81,46.37,45.92,45.48,45.06,44.61,44.17,43.73,,,,,,,,,,,,
Montenegro,Podgorica,Europe,13812,8493,45.4012,0.9988,0.01,169,46.54,46.54,46.54,46.54,46.54,46.54,46.54,46.54,46.54,46.54,46.54,46.54,46.54,46.54,46.54,46.54,55.51,57.00,58.50,59.99,61.49,61.49,61.49,61.49,61.49,61.49,61.49,61.49,61.49,61.49,61.49,,,,,,,,,,,,
Mongolia,Ulaanbaatar,Asia,1564110,142352,2.1727,1.0151,0.04,134,9.24,9.23,9.23,9.22,9.22,9.21,9.20,9.20,9.19,9.19,9.18,9.18,9.17,9.17,9.16,9.16,9.15,9.15,9.14,9.14,9.13,9.13,9.13,9.13,9.13,9.10,9.10,9.10,9.10,9.10,9.10,,,,,,,,,,,,
Mozambique,Maputo,Africa,801590,374545,41.1302,1.0278,0.41,48,55.16,54.88,54.60,54.33,54.05,53.77,53.49,53.21,52.93,52.66,52.38,52.09,51.81,51.53,51.25,50.97,50.69,50.40,50.12,49.84,49.56,49.30,49.03,48.77,48.51,48.25,47.85,47.57,47.34,47.01,46.73,,,,,,,,,,,,
Mauritania,Nouakchott,Africa,1030700,3128,4.5951,1.0263,0.06,126,0.46,0.46,0.45,0.45,0.44,0.44,0.43,0.42,0.42,0.41,0.41,0.40,0.40,0.39,0.39,0.38,0.38,0.37,0.37,0.36,0.36,0.35,0.35,0.34,0.34,0.33,0.32,0.32,0.31,0.31,0.30,,,,,,,,,,,,
Mauritius,Port Louis,Africa,2040,390,636.9946,1.0004,0.02,157,20.23,20.27,20.32,20.36,20.40,20.44,20.49,20.53,20.57,20.61,20.66,20.48,20.31,20.13,19.96,19.78,19.61,19.43,19.26,19.09,18.91,18.90,18.89,18.88,18.88,18.87,18.86,19.04,19.06,19.08,19.10,,,,,,,,,,,,
Malawi,Lilongwe,Africa,118484,28172,172.22,1.0259,0.26,62,37.14,36.70,36.25,35.81,35.36,34.91,34.47,34.02,33.58,33.13,32.69,32.24,31.80,31.35,30.90,30.46,30.01,29.57,29.12,28.68,28.23,27.79,27.34,26.90,26.45,26.00,25.56,25.11,24.67,24.22,23.78,,,,,,,,,,,,
Malaysia,Kuala Lumpur,Asia,330803,192452,102.5934,1.0109,0.43,45,62.76,62.47,62.19,61.91,61.63,61.35,61.06,60.78,60.50,60.22,59.93,59.71,59.48,59.26,59.03,58.80,58.58,58.35,58.12,57.90,57.67,57.98,58.30,58.61,58.93,59.24,58.79,58.63,58.48,58.33,58.18,,,,,,,,,,,,
Namibia,Windhoek,Africa,825615,66577,3.1092,1.0146,0.03,145,10.65,10.57,10.48,10.39,10.31,10.22,10.13,10.05,9.96,9.88,9.79,9.70,9.62,9.53,9.44,9.36,9.27,9.19,9.10,9.01,8.93,8.84,8.75,8.67,8.58,8.50,8.41,8.32,8.24,8.15,8.06,,,,,,,,,,,,
New Caledonia,Nouméa,Oceania,18575,8516,15.6097,1.0075,0,185,45.47,45.50,45.54,45.58,45.61,45.65,45.69,45.72,45.76,45.80,45.83,45.84,45.85,45.85,45.86,45.87,45.87,45.88,45.89,45.89,45.90,45.89,45.89,45.88,45.88,45.87,45.87,45.86,45.85,45.85,45.84,,,,,,,,,,,,
Niger,Niamey,Africa,1267000,10800,20.6851,1.0378,0.33,54,1.54,1.49,1.44,1.39,1.34,1.29,1.24,1.19,1.15,1.10,1.05,1.04,1.03,1.02,1.01,1.00,0.99,0.98,0.97,0.96,0.95,0.94,0.93,0.92,0.91,0.90,0.89,0.88,0.87,0.86,0.85,,,,,,,,,,,,
Nigeria,Abuja,Africa,923768,219356,236.5759,1.0241,2.74,6,29.12,28.95,28.77,28.59,28.41,28.23,28.05,27.87,27.69,27.51,27.33,27.15,26.97,26.79,26.61,26.44,26.26,26.08,25.90,25.72,25.54,25.36,25.18,25.00,24.82,24.64,24.46,24.28,24.10,23.93,23.75,,,,,,,,,,,,
Nicaragua,Managua,North America,130373,36917,53.2962,1.0143,0.09,106,53.18,52.35,51.52,50.68,49.85,49.02,48.19,47.36,46.53,45.70,44.87,43.86,42.85,41.85,40.84,39.83,38.83,37.82,36.82,35.81,34.80,34.34,33.87,33.40,32.94,32.47,31.64,30.81,29.98,29.15,28.32,,,,,,,,,,,,
Netherlands,Amsterdam,Europe,41850,4593,419.6897,1.0036,0.22,71,10.23,10.27,10.31,10.35,10.40,10.44,10.48,10.52,10.56,10.61,10.65,10.69,10.73,10.77,10.81,10.86,10.90,10.94,10.98,11.03,11.07,11.02,10.97,10.93,10.88,10.84,10.86,10.89,10.92,10.95,10.97,,,,,,,,,,,,
Norway,Oslo,Europe,323802,108021,16.7828,1.0058,0.07,120,33.22,33.21,33.21,33.20,33.20,33.19,33.18,33.18,33.17,33.17,33.16,33.16,33.16,33.16,33.15,33.15,33.15,33.14,33.14,33.14,33.13,33.16,33.18,33.21,33.23,33.25,33.27,33.29,33.32,33.34,33.36,,,,,,,,,,,,
Nepal,Kathmandu,Asia,147181,61214,207.5511,1.0171,0.38,49,39.66,39.74,39.82,39.89,39.97,40.04,40.12,40.20,40.27,40.35,41.65,40.45,40.58,40.71,40.83,40.96,41.08,41.21,41.34,41.46,41.59,41.59,41.59,41.59,41.59,41.59,41.59,41.59,41.59,41.59,41.59,,,,,,,,,,,,
Nauru,Yaren,Oceania,21,0,603.2381,1.0125,0,225,0.00,0.00,0.00,0.00,0.00,0.00,0.00,0.00,0.00,0.00,0.00,0.00,0.00,0.00,0.00,0.00,0.00,0.00,0.00,0.00,0.00,0.00,0.00,0.00,0.00,0.00,0.00,0.00,0.00,0.00,0.00,,,,,,,,,,,,
New Zealand,Wellington,Oceania,270467,101615,19.1716,1.0108,0.07,123,35.59,35.78,35.96,36.14,36.32,36.50,36.68,36.87,37.05,37.23,37.41,37.41,37.41,37.41,37.41,37.41,37.40,37.40,37.40,37.40,37.40,37.40,37.40,37.40,37.40,37.40,37.40,37.41,37.43,37.47,37.57,,,,,,,,,,,,
Oman,Muscat,Asia,309500,25,14.7861,1.0123,0.06,127,0.01,0.01,0.01,0.01,0.01,0.01,0.01,0.01,0.01,0.01,0.01,0.01,0.01,0.01,0.01,0.01,0.01,0.01,0.01,0.01,0.01,0.01,0.01,0.01,0.01,0.01,0.01,0.01,0.01,0.01,0.01,,,,,,,,,,,,
Pakistan,Islamabad,Asia,881912,42626,267.4018,1.0191,2.96,5,0.19,6.41,6.35,6.28,6.22,6.16,6.10,6.04,5.98,5.91,5.85,5.80,5.74,5.69,5.64,5.58,5.53,5.47,5.42,5.36,5.31,5.27,5.23,5.19,5.14,5.10,5.02,4.99,4.94,4.89,4.83,,,,,,,,,,,,
Panama,Panama City,North America,75417,42843,58.4561,1.0132,0.06,128,61.98,61.76,61.53,61.31,61.09,60.87,60.64,60.42,60.20,59.98,59.75,59.60,59.45,59.29,59.14,58.99,58.83,58.68,58.53,58.37,58.22,58.07,57.91,57.76,57.78,57.62,57.47,57.31,57.12,56.96,56.81,,,,,,,,,,,,
Peru,Lima,South America,1285216,726252,26.4933,1.0099,0.43,44,59.73,59.64,59.55,59.46,59.37,59.28,59.19,59.10,59.01,58.92,58.83,58.73,58.63,58.53,58.44,58.34,58.24,58.14,58.05,57.95,57.85,57.72,57.58,57.45,57.32,57.18,57.04,56.90,56.78,56.64,56.51,,,,,,,,,,,,
Philippines,Manila,Asia,342353,82538,337.5434,1.0147,1.45,13,26.09,25.93,25.77,25.62,25.46,25.30,25.14,24.99,24.83,24.67,24.51,24.36,24.20,24.04,23.88,23.73,23.57,23.41,23.25,23.10,22.94,23.06,23.17,23.29,23.41,23.52,23.64,23.76,23.88,23.99,24.11,,,,,,,,,,,,
Palau,Ngerulmud,Oceania,459,414,39.3355,1.0017,0,222,,83.25,83.56,83.87,84.18,84.49,84.80,85.11,85.42,85.73,86.04,86.26,86.47,86.68,86.90,87.11,87.32,87.53,87.75,87.96,88.17,88.36,88.55,88.73,88.92,89.11,89.30,89.48,89.67,89.85,90.02,,,,,,,,,,,,
Papua New Guinea,Port Moresby,Oceania,462840,366460,21.9139,1.0194,0.13,93,80.38,80.35,80.32,80.30,80.27,80.24,80.22,80.19,80.16,80.14,80.11,80.09,80.06,80.04,80.02,80.00,79.98,79.96,79.93,79.91,79.89,79.82,79.75,79.69,79.62,79.55,79.47,79.40,79.32,79.25,79.18,,,,,,,,,,,,
Poland,Warsaw,Europe,312679,96847,127.4698,1.0404,0.5,37,29.00,29.06,29.11,29.17,29.23,29.29,29.35,29.40,29.46,29.52,29.58,29.66,29.75,29.85,29.93,30.01,30.10,30.19,30.28,30.37,30.46,30.52,30.58,30.64,30.71,30.77,30.81,30.85,30.89,30.93,30.97,,,,,,,,,,,,
Puerto Rico,San Juan,North America,8870,4964,366.675,0.9989,0.04,136,36.11,37.34,38.57,39.79,41.02,42.25,43.47,44.70,45.93,47.16,48.38,49.08,49.79,50.49,51.19,51.89,52.60,53.30,54.00,54.70,55.41,55.46,55.52,55.57,55.63,55.68,55.74,55.79,55.85,55.90,55.96,,,,,,,,,,,,
"Korea, Dem. People's Rep.",Pyongyang,Asia,120538,60366,216.2755,1.0038,0.33,56,57.40,57.02,56.64,56.26,55.88,55.51,55.13,54.75,54.37,53.99,53.61,53.43,53.25,53.08,52.90,52.72,52.55,52.37,52.20,52.02,51.84,51.67,51.49,51.31,51.14,50.96,50.78,50.61,50.43,50.26,50.08,,,,,,,,,,,,
Portugal,Lisbon,Europe,92090,33296,111.5307,0.9981,0.13,92,37.15,37.02,36.89,36.76,36.63,36.50,36.37,36.24,36.12,35.99,35.86,35.83,35.79,35.76,35.73,35.71,35.68,35.65,35.62,35.54,35.51,35.64,35.77,35.89,36.02,36.15,36.15,36.15,36.15,36.15,36.15,,,,,,,,,,,,
Paraguay,Asunción,South America,406752,164854,16.6705,1.0115,0.09,109,64.30,63.66,63.01,62.37,61.73,61.08,60.44,59.80,59.16,58.51,57.87,57.01,56.15,55.29,54.43,53.56,52.70,51.84,50.98,50.12,49.26,48.22,47.17,46.13,45.09,44.04,43.63,42.64,41.94,41.23,40.53,,,,,,,,,,,,
West Bank and Gaza,Ramallah,Asia,6220,105,844.063,1.0227,0.07,122,1.51,1.51,1.51,1.51,1.51,1.51,1.51,1.51,1.51,1.51,1.51,1.51,1.51,1.52,1.52,1.52,1.52,1.52,1.52,1.52,1.65,1.52,1.52,1.52,1.52,1.68,1.68,1.68,1.68,1.68,1.68,,,,,,,,,,,,
French Polynesia,Papeete,Oceania,4167,1770,73.5011,1.0074,0,183,39.46,39.57,39.69,39.80,39.91,40.02,40.14,40.25,40.36,40.47,40.59,40.61,40.64,40.66,40.69,40.71,40.74,40.76,40.79,40.81,40.84,40.84,40.84,40.84,40.84,40.84,40.84,40.84,42.46,42.46,42.46,,,,,,,,,,,,
Qatar,Doha,Asia,11586,0,232.6189,1.0026,0.03,143,0.00,0.00,0.00,0.00,0.00,0.00,0.00,0.00,0.00,0.00,0.00,0.00,0.00,0.00,0.00,0.00,0.00,0.00,0.00,0.00,0.00,0.00,0.00,0.00,0.00,0.00,0.00,0.00,0.00,0.00,0.00,,,,,,,,,,,,
Romania,Bucharest,Europe,238391,71794,82.4665,1.0171,0.25,64,27.78,27.76,27.76,27.76,27.75,27.75,27.74,27.74,27.73,27.73,27.71,27.78,27.82,27.88,27.94,28.00,28.07,28.15,28.21,28.25,28.32,28.64,28.99,29.33,29.66,29.99,30.12,30.12,30.12,30.12,30.12,,,,,,,,,,,,
Russian Federation,Moscow,Europe,17098242,8512247,8.4636,0.9973,1.81,9,49.36,49.36,49.36,49.37,49.39,49.40,49.40,49.40,49.40,49.38,49.40,49.44,49.47,49.51,49.55,49.58,49.63,49.66,49.70,49.74,49.77,49.77,49.77,49.77,49.76,49.76,49.77,49.78,49.78,49.78,49.78,,,,,,,,,,,,
Rwanda,Kigali,Africa,26338,2947,523.0731,1.0234,0.17,76,12.85,12.73,12.61,12.48,12.36,12.24,12.12,12.00,11.88,11.76,11.63,11.54,11.46,11.37,11.28,11.19,11.10,11.01,10.92,10.83,10.74,10.78,10.82,10.86,10.90,10.94,11.03,11.07,11.11,11.15,11.19,,,,,,,,,,,,
Saudi Arabia,Riyadh,Asia,2149690,9770,16.9368,1.0128,0.46,41,0.45,0.45,0.45,0.45,0.45,0.45,0.45,0.45,0.45,0.45,0.45,0.45,0.45,0.45,0.45,0.45,0.45,0.45,0.45,0.45,0.45,0.45,0.45,0.45,0.45,0.45,0.45,0.45,0.45,0.45,0.45,,,,,,,,,,,,
Sudan,Khartoum,Africa,1886068,187253,24.8529,1.0267,0.59,32,,,0.00,0.00,0.00,0.00,0.00,0.00,0.00,0.00,8.80,0.00,0.00,0.00,0.00,0.00,0.00,0.00,0.00,0.00,8.09,10.76,10.67,10.58,10.48,10.39,10.30,10.21,10.11,10.02,9.93,,,,,,,,,,,,
Senegal,Dakar,Africa,196722,82439,88.025,1.0261,0.22,72,48.32,48.09,47.85,47.62,47.39,47.15,46.92,46.68,46.45,46.22,45.98,45.78,45.58,45.38,45.18,44.98,44.78,44.58,44.38,44.18,43.98,43.78,43.57,43.36,43.15,42.94,42.74,42.53,42.32,42.11,41.91,,,,,,,,,,,,
Singapore,Singapore,Asia,710,156,8416.4634,1.0058,0.07,113,22.13,22.46,22.78,23.11,23.44,23.76,24.09,24.41,24.74,25.07,25.39,25.50,25.42,25.08,25.11,25.22,25.14,25.21,25.14,25.24,25.27,24.84,24.41,24.02,23.59,23.23,22.97,22.72,22.47,22.21,21.96,,,,,,,,,,,,
Solomon Islands,Honiara,Oceania,28896,26047,25.0648,1.0232,0.01,166,90.92,90.90,90.87,90.84,90.82,90.79,90.77,90.74,90.71,90.69,90.66,90.63,90.61,90.58,90.56,90.53,90.50,90.48,90.45,90.43,90.40,90.37,90.35,90.32,90.29,90.27,90.24,90.22,90.19,90.16,90.14,,,,,,,,,,,,
Sierra Leone,Freetown,Africa,71740,25195,119.957,1.022,0.11,102,43.32,43.04,42.77,42.50,42.22,41.95,41.68,41.40,41.13,40.86,40.59,40.31,40.04,39.77,39.49,39.22,38.95,38.67,38.40,38.13,37.85,37.58,37.31,37.03,36.76,36.49,36.21,35.94,35.67,35.39,35.12,,,,,,,,,,,,
El Salvador,San Salvador,North America,21041,5930,301.145,1.0035,0.08,112,34.69,34.48,34.26,34.04,33.83,33.61,33.39,33.17,32.96,32.74,32.52,32.31,32.09,31.87,31.65,31.44,31.22,31.00,30.79,30.57,30.35,30.13,29.92,29.70,29.48,29.27,29.05,28.83,28.61,28.40,28.18,,,,,,,,,,,,
San Marino,San Marino,Europe,61,11,551.8033,0.9975,0,218,16.67,16.67,16.67,16.67,16.67,16.67,16.67,16.67,16.67,16.67,16.67,16.67,16.67,16.67,16.67,16.67,16.67,16.67,16.67,16.67,16.67,16.67,16.67,16.67,16.67,16.67,16.67,16.67,16.67,16.67,16.67,,,,,,,,,,,,
Somalia,Mogadishu,Africa,637657,60784,27.5971,1.0312,0.22,70,13.20,13.08,12.96,12.84,12.71,12.59,12.47,12.35,12.22,12.10,11.98,11.86,11.73,11.61,11.49,11.37,11.25,11.12,11.00,10.88,10.76,10.63,10.51,10.39,10.27,10.14,10.02,9.90,9.78,9.65,9.53,,,,,,,,,,,,
Serbia,Belgrade,Europe,88361,27507,81.7257,0.9897,0.09,105,28.31,28.31,28.31,28.31,28.31,28.31,28.31,28.31,28.31,28.31,28.13,28.31,28.31,28.31,28.31,28.31,29.86,30.15,30.44,30.73,31.02,31.03,31.05,31.06,31.08,31.09,31.10,31.12,31.12,31.13,31.13,,,,,,,,,,,,
South Sudan,Juba,Africa,619745,70191,17.6091,1.0153,0.14,86,,,0.00,0.00,0.00,0.00,0.00,0.00,0.00,0.00,0.00,0.00,0.00,0.00,0.00,0.00,0.00,0.00,0.00,0.00,0.00,11.32,11.32,11.32,11.33,11.33,11.33,11.33,11.33,11.33,11.33,,,,,,,,,,,,
Sao Tome and Principe,São Tomé,Africa,964,522,235.8714,1.0192,0,187,61.06,61.04,61.01,60.98,60.95,60.93,60.90,60.87,60.85,60.82,60.79,60.76,60.74,60.71,60.68,60.66,60.63,60.60,60.58,60.55,60.52,59.88,59.23,58.58,57.94,57.29,56.65,56.00,55.35,54.71,54.06,,,,,,,,,,,,
Suriname,Paramaribo,South America,163820,159581,3.7727,1.0082,0.01,170,98.57,98.55,98.53,98.50,98.48,98.46,98.43,98.41,98.39,98.36,98.34,98.31,98.29,98.26,98.23,98.21,98.18,98.15,98.13,98.10,98.08,98.01,97.95,97.89,97.83,97.77,97.69,97.65,97.57,97.49,97.41,,,,,,,,,,,,
Slovak Republic,Bratislava,Europe,49037,19643,115.0856,1.0359,0.07,116,39.96,39.96,39.96,39.55,39.54,39.54,39.54,39.54,39.53,39.53,39.53,39.56,39.60,39.63,39.67,39.70,39.74,39.77,39.80,39.85,39.88,39.90,39.92,39.93,39.95,39.97,40.00,40.06,40.06,40.06,40.06,,,,,,,,,,,,
Slovenia,Ljubljana,Europe,20273,12463,104.5649,1.0002,0.03,148,58.99,58.99,59.43,59.66,59.88,60.10,60.33,60.55,60.77,61.00,61.22,61.29,61.36,61.43,61.50,61.57,61.64,61.71,61.76,61.83,61.90,61.91,61.92,61.95,61.96,61.96,61.86,61.77,61.67,61.57,61.47,,,,,,,,,,,,
Sweden,Stockholm,Europe,450295,309329,23.4276,1.0079,0.13,87,68.39,68.41,68.44,68.46,68.49,68.51,68.54,68.56,68.58,68.61,68.63,68.61,68.59,68.57,68.55,68.52,68.50,68.48,68.46,68.44,68.41,68.37,68.83,68.78,68.74,68.69,68.69,68.69,68.69,68.69,68.69,,,,,,,,,,,,
Eswatini,Mbabane,Africa,17364,5024,69.2047,1.0079,0.02,159,26.81,26.88,26.95,27.02,27.09,27.16,27.23,27.30,27.38,27.45,27.52,27.59,27.66,27.73,27.80,27.87,27.94,28.01,28.08,28.15,28.22,28.29,28.36,28.43,28.51,28.58,28.65,28.72,28.79,28.86,28.93,,,,,,,,,,,,
Sint Maarten (Dutch part),Philipsburg,North America,34,4,1299.2647,1.003,0,214,,,0.00,0.00,0.00,0.00,0.00,0.00,0.00,0.00,10.88,0.00,0.00,0.00,0.00,0.00,0.00,0.00,0.00,0.00,10.88,10.88,10.88,10.88,10.88,10.88,10.88,10.88,10.88,10.88,10.88,,,,,,,,,,,,
Seychelles,Victoria,Africa,452,332,236.9867,1.0061,0,196,73.26,73.26,73.26,73.26,73.26,73.26,73.26,73.26,73.26,73.26,73.26,73.26,73.26,73.26,73.26,73.26,73.26,73.26,73.26,73.26,73.26,73.26,73.26,73.26,73.26,73.26,73.26,73.26,73.26,73.26,73.26,,,,,,,,,,,,
Syrian Arab Republic,Damascus,Asia,185180,5265,119.4797,1.0376,0.28,60,2.02,2.06,2.09,2.12,2.16,2.19,2.22,2.25,2.29,2.32,2.35,2.38,2.42,2.45,2.48,2.52,2.55,2.58,2.61,2.65,2.68,2.71,2.75,2.78,2.81,2.84,2.84,2.84,2.84,2.84,2.84,,,,,,,,,,,,
Turks and Caicos Islands,Cockburn Town,North America,948,105,48.2099,1.0131,0,212,11.07,11.07,11.07,11.07,11.07,11.07,11.07,11.07,11.07,11.07,11.07,11.07,11.07,11.07,11.07,11.07,11.07,11.07,11.07,11.07,11.07,11.07,11.07,11.07,11.07,11.07,11.07,11.07,11.07,11.07,11.07,,,,,,,,,,,,
Chad,N'Djamena,Africa,1284000,43980,13.8032,1.0316,0.22,69,5.34,5.31,5.28,5.25,5.22,5.19,5.17,5.14,5.11,5.08,5.05,4.98,4.91,4.85,4.78,4.72,4.65,4.59,4.52,4.46,4.39,4.29,4.19,4.09,3.99,3.88,3.79,3.69,3.60,3.51,3.43,,,,,,,,,,,,
Togo,Lomé,Africa,56785,12626,155.8281,1.0236,0.11,100,25.04,24.86,24.69,24.52,24.35,24.18,24.01,23.84,23.66,23.49,23.32,23.27,23.21,23.16,23.10,23.05,23.00,22.94,22.89,22.83,22.78,22.72,22.67,22.61,22.56,22.51,22.45,22.40,22.34,22.29,22.23,,,,,,,,,,,,
Thailand,Bangkok,Asia,513120,199598,139.7276,1.0013,0.9,20,37.90,37.83,37.75,37.68,37.61,37.54,37.47,37.40,37.33,37.26,37.19,37.40,37.61,37.82,38.03,38.24,38.45,38.66,38.87,39.08,39.29,39.29,39.28,39.28,39.27,39.27,39.18,39.11,39.04,38.97,38.90,,,,,,,,,,,,
Tajikistan,Dushanbe,Asia,143100,4370,69.5513,1.0208,0.12,95,2.92,2.92,2.92,2.92,2.92,2.92,2.92,2.93,2.93,2.93,2.93,2.93,2.93,2.93,2.93,2.93,2.93,2.93,2.93,2.93,2.93,2.95,2.96,2.98,3.02,3.04,3.04,3.04,3.04,3.05,3.05,,,,,,,,,,,,
Turkmenistan,Ashgabat,Asia,488100,42866,13.1751,1.014,0.08,111,8.78,8.78,8.78,8.78,8.78,8.78,8.78,8.78,8.78,8.78,8.78,8.78,8.78,8.78,8.78,8.78,8.78,8.78,8.78,8.78,8.78,8.78,8.78,8.78,8.78,8.78,8.78,8.78,8.78,8.78,8.78,,,,,,,,,,,,
Timor-Leste,Dili,Asia,14874,9214,90.1772,1.0154,0.02,155,64.77,64.67,64.58,64.49,64.39,64.30,64.20,64.11,64.01,63.92,63.83,63.73,63.64,63.54,63.45,63.36,63.26,63.17,63.07,62.98,62.89,62.79,62.70,62.60,62.51,62.41,62.32,62.25,62.13,62.04,61.94,,,,,,,,,,,,
Tonga,Nuku‘alofa,Oceania,747,93,143.0495,1.0079,0,197,12.43,12.43,12.43,12.43,12.43,12.43,12.43,12.43,12.43,12.43,12.43,12.43,12.43,12.43,12.43,12.43,12.43,12.43,12.43,12.43,12.43,12.43,12.43,12.43,12.43,12.43,12.43,12.43,12.43,12.43,12.43,,,,,,,,,,,,
Trinidad and Tobago,Port-of-Spain,North America,5130,2282,298.4491,1.0035,0.02,153,47.19,47.08,46.97,46.87,46.76,46.66,46.55,46.45,46.34,46.24,46.13,46.05,45.97,45.88,45.80,45.72,45.63,45.55,45.47,45.39,45.30,45.22,45.14,45.06,44.97,44.89,44.81,44.73,44.65,44.56,44.48,,,,,,,,,,,,
Tunisia,Tunis,Africa,163610,7401,75.5218,1.0076,0.15,79,4.15,4.16,4.18,4.19,4.21,4.22,4.24,4.25,4.27,4.28,4.30,4.31,4.32,4.34,4.35,4.36,4.37,4.39,4.40,4.41,4.42,4.43,4.44,4.45,4.46,4.47,4.48,4.49,4.50,4.51,4.52,,,,,,,,,,,,
Turkiye,Ankara,Asia,783562,226226,108.9145,1.0067,1.07,18,25.71,25.75,25.80,25.85,25.89,25.94,25.99,26.04,26.08,26.13,26.18,26.30,26.42,26.54,26.67,26.79,26.91,27.03,27.15,27.27,27.39,27.54,27.68,27.82,27.96,28.10,28.10,28.26,28.47,28.67,28.87,,,,,,,,,,,,
Tuvalu,Funafuti,Oceania,26,9,435.0769,1.0096,0,227,33.33,33.33,33.33,33.33,33.33,33.33,33.33,33.33,33.33,33.33,33.33,33.33,33.33,33.33,33.33,33.33,33.33,33.33,33.33,33.33,33.33,33.33,33.33,33.33,33.33,33.33,33.33,33.33,33.33,33.33,33.33,,,,,,,,,,,,
Tanzania,Dodoma,Africa,945087,488068,69.3034,1.03,0.82,22,64.79,64.37,63.95,63.53,63.11,62.69,62.27,61.85,61.43,61.01,60.59,60.17,59.75,59.33,58.91,58.49,58.07,57.65,57.23,56.81,56.39,55.97,55.55,55.13,54.71,54.29,53.76,53.23,52.70,52.17,51.64,,,,,,,,,,,,
Uganda,Kampala,Africa,241550,28163,195.61,1.0304,0.59,31,17.89,17.69,17.48,17.27,17.07,16.86,16.66,16.45,16.24,16.04,15.83,15.62,15.42,15.21,15.00,14.80,14.59,14.38,14.18,13.97,13.72,13.51,13.30,13.10,12.89,12.69,12.48,12.28,12.07,11.86,11.66,,,,,,,,,,,,
Ukraine,Kiev,Europe,603500,100931,65.7858,0.912,0.5,38,16.01,16.01,16.09,16.13,16.17,16.21,16.25,16.29,16.33,16.37,16.41,16.42,16.43,16.43,16.44,16.45,16.45,16.46,16.47,16.47,16.48,16.52,16.56,16.59,16.63,16.67,16.68,16.69,16.70,16.71,16.72,,,,,,,,,,,,
Uruguay,Montevideo,South America,181034,21008,18.9069,0.999,0.04,133,4.56,4.89,5.21,5.54,5.86,6.19,6.52,6.84,7.17,7.50,7.82,8.03,8.24,8.44,8.65,8.86,9.06,9.27,9.48,9.69,9.89,10.11,10.32,10.54,10.75,10.97,11.12,11.24,11.36,11.48,11.60,,,,,,,,,,,,
United States,"Washington, D.C.",North America,9372610,3174215,36.0935,1.0038,4.24,3,33.02,33.03,33.05,33.06,33.07,33.08,33.09,33.11,33.12,33.13,33.13,33.19,33.24,33.30,33.36,33.41,33.47,33.53,33.64,33.69,33.75,33.78,33.81,33.84,33.87,33.90,33.90,33.87,33.87,33.87,33.87,,,,,,,,,,,,
Uzbekistan,Tashkent,Asia,447400,37470,77.3975,1.016,0.43,43,7.16,7.16,6.19,6.28,6.38,6.48,6.57,6.67,6.77,6.86,6.96,7.05,7.14,7.24,7.33,7.42,7.51,7.60,7.69,7.78,7.87,7.97,8.06,8.16,8.25,8.06,8.14,8.20,8.26,8.32,8.38,,,,,,,,,,,,
St. Vincent and the Grenadines,Kingstown,North America,389,285,267.2185,0.9963,0,199,70.62,70.87,71.13,71.38,71.64,71.90,72.15,72.41,72.67,72.92,73.18,73.18,73.18,73.18,73.18,73.18,73.18,73.18,73.18,73.18,73.18,73.18,73.18,73.18,73.18,73.18,73.18,73.18,73.18,73.18,73.18,,,,,,,,,,,,
"Venezuela, RB",Caracas,South America,916445,480337,30.882,1.0036,0.35,51,58.98,58.66,58.33,58.01,57.68,57.35,57.03,56.70,56.38,56.05,55.72,55.54,55.35,55.16,54.98,54.79,54.60,54.42,54.23,54.04,53.86,53.67,53.48,53.30,53.11,52.93,52.77,52.64,52.53,52.46,52.41,,,,,,,,,,,,
British Virgin Islands,Road Town,North America,151,37,207.3179,1.0059,0,221,24.73,24.71,24.68,24.65,24.63,24.60,24.57,24.55,24.52,24.49,24.47,24.45,24.43,24.41,24.39,24.37,24.35,24.33,24.31,24.29,24.27,24.24,24.21,24.19,24.16,24.13,24.13,24.13,24.13,24.13,24.13,,,,,,,,,,,,
Virgin Islands (U.S.),Charlotte Amalie,North America,347,198,286.6427,0.9937,0,200,70.11,68.95,67.79,66.63,65.46,64.30,63.14,61.97,60.81,59.65,58.49,57.90,57.32,56.74,56.15,55.57,54.99,54.41,53.82,53.24,52.66,53.07,53.49,53.91,54.33,54.74,55.17,55.60,56.03,56.46,56.89,,,,,,,,,,,,
Vietnam,Hanoi,Asia,331212,156416,296.4472,1.0074,1.23,16,28.81,29.55,30.29,31.03,31.77,32.50,33.24,33.98,34.72,35.46,37.88,38.40,38.98,39.56,40.07,40.59,41.11,41.63,42.14,42.66,43.18,43.61,44.05,44.48,44.92,45.35,46.37,46.49,46.74,46.98,47.23,,,,,,,,,,,,
Vanuatu,Port-Vila,Oceania,12189,4423,26.8061,1.0238,0,181,36.28,36.28,36.28,36.28,36.28,36.28,36.28,36.28,36.28,36.28,36.28,36.28,36.28,36.28,36.28,36.28,36.28,36.28,36.28,36.28,36.28,36.28,36.28,36.28,36.28,36.28,36.28,36.28,36.28,36.28,36.28,,,,,,,,,,,,
Samoa,Apia,Oceania,2842,1624,78.2484,1.0165,0,188,62.24,62.07,61.90,61.73,61.56,61.39,61.21,61.04,60.87,60.70,60.53,60.36,60.19,60.02,59.85,59.68,59.51,59.34,59.17,59.00,58.83,58.66,58.49,58.32,58.15,57.98,57.81,57.64,57.47,57.30,57.13,,,,,,,,,,,,
"Yemen, Rep.",Sanaa,Asia,527968,5490,63.8232,1.0217,0.42,46,1.04,1.04,1.04,1.04,1.04,1.04,1.04,1.04,1.04,1.04,1.04,1.04,1.04,1.04,1.04,1.04,1.04,1.04,1.04,1.04,1.04,1.04,1.04,1.04,1.04,1.04,1.04,1.04,1.04,1.04,1.04,,,,,,,,,,,,
South Africa,Pretoria,Africa,1221037,171618,49.0517,1.0084,0.75,24,14.96,14.93,14.90,14.87,14.84,14.81,14.78,14.75,14.72,14.69,14.66,14.63,14.60,14.57,14.54,14.51,14.48,14.45,14.42,14.39,14.36,14.33,14.30,14.27,14.24,14.21,14.18,14.15,14.12,14.09,14.06,,,,,,,,,,,,
Zambia,Lusaka,Africa,752612,453700,26.5976,1.028,0.25,63,63.78,63.73,63.68,63.63,63.59,63.54,63.49,63.44,63.39,63.34,63.30,63.25,63.20,63.15,63.10,63.06,63.01,62.96,62.91,62.86,62.81,62.56,62.31,62.06,61.80,61.55,61.30,61.04,60.79,60.54,60.28,,,,,,,,,,,,
Zimbabwe,Harare,Africa,390757,176208,41.7665,1.0204,0.2,74,48.67,48.55,48.43,48.31,48.19,48.07,47.95,47.83,47.71,47.59,47.48,47.36,47.24,47.12,47.00,46.88,46.76,46.64,46.52,46.40,46.28,46.17,46.05,45.93,45.81,45.69,45.57,45.45,45.33,45.21,45.09,,,,,,,,,,,,
